INSERT into CUSTOMER (ID,FIRST_NAME, LAST_NAME,NATIONALITY) values (1,'Jon','Doe','CH');
INSERT into CREDIT_CARD (ID,CARD_PAN,OWNER_ID) values (1,'5555 5555 5555 0000', 1);
INSERT into CREDIT_CARD (ID,CARD_PAN,OWNER_ID) values (3,'4444 5555 5555 0000', 1);

INSERT into PURCHASE (ID, MERCHANT_NAME, MERCHANT_CITY, PURCHASE_DATE, CUSTOMER_ID, CERTIFICATE_ID) values (2, 'Aldi Süd', 'Konstanz', '2016-06-01T09:32:58.447Z',1,NULL);
INSERT into ITEM (ITEM_NAME, ITEM_PRICE, PURCHASE_ID) values ('Emmi Jogurth',1.20, 2);
INSERT into ITEM (ITEM_NAME, ITEM_PRICE, PURCHASE_ID) values ('Brot',2.30, 2);
INSERT into ITEM (ITEM_NAME, ITEM_PRICE, PURCHASE_ID) values ('Äpfel',3.10, 2);
INSERT into ITEM (ITEM_NAME, ITEM_PRICE, PURCHASE_ID) values ('Leberkäse',6.40, 2);
INSERT into ITEM (ITEM_NAME, ITEM_PRICE, PURCHASE_ID) values ('Lasagne',7.90, 2);

INSERT into PURCHASE (ID, MERCHANT_NAME, MERCHANT_CITY, PURCHASE_DATE, CUSTOMER_ID, CERTIFICATE_ID) values (5, 'Mediamarkt', 'Konstanz', '2016-06-01T10:32:58.447Z',1,NULL);
INSERT into ITEM (ITEM_NAME, ITEM_PRICE, PURCHASE_ID) values ('iPhone 6s',740.00, 5);
INSERT into ITEM (ITEM_NAME, ITEM_PRICE, PURCHASE_ID) values ('MacBook Pro 13',1539.00, 5);
INSERT into ITEM (ITEM_NAME, ITEM_PRICE, PURCHASE_ID) values ('PANASONIC DMC',379.00, 5);
INSERT into ITEM (ITEM_NAME, ITEM_PRICE, PURCHASE_ID) values ('SANDISK 32 GB',15.34, 5);
INSERT into ITEM (ITEM_NAME, ITEM_PRICE, PURCHASE_ID) values ('SONY Bravia',799.99, 5);

INSERT into PURCHASE (ID, MERCHANT_NAME, MERCHANT_CITY, PURCHASE_DATE, CUSTOMER_ID, CERTIFICATE_ID) values (6, 'IKEA', 'Konstanz', '2016-06-01T11:32:58.447Z',1,NULL);
INSERT into ITEM (ITEM_NAME, ITEM_PRICE, PURCHASE_ID) values ('EKTORP Sofa',350.00, 6);
INSERT into ITEM (ITEM_NAME, ITEM_PRICE, PURCHASE_ID) values ('DALFRED Bar',39.99, 6);

INSERT into PURCHASE (ID, MERCHANT_NAME, MERCHANT_CITY, PURCHASE_DATE, CUSTOMER_ID, CERTIFICATE_ID) values (7, 'Zara', 'Munich', '2016-04-01T13:32:58.447Z',1,NULL);
INSERT into ITEM (ITEM_NAME, ITEM_PRICE, PURCHASE_ID) values ('Leather Jacket',52.00, 7);
INSERT into ITEM (ITEM_NAME, ITEM_PRICE, PURCHASE_ID) values ('Ripped Jeans',74.00, 7);




INSERT into CUSTOMER (ID,FIRST_NAME, LAST_NAME,NATIONALITY) values (2,'Jane','Doe','CH');
INSERT into CREDIT_CARD (ID,CARD_PAN,OWNER_ID) values (2,'6666 6666 6666 1111', 2);

INSERT into PURCHASE (ID, MERCHANT_NAME, MERCHANT_CITY, PURCHASE_DATE, CUSTOMER_ID, CERTIFICATE_ID) values (1, 'MigrosDE', 'Konstanz', '2016-05-01T11:32:58.447Z',2,NULL);
INSERT into ITEM (ITEM_NAME, ITEM_PRICE, PURCHASE_ID) values ('Foo',666.00, 1);
INSERT into ITEM (ITEM_NAME, ITEM_PRICE, PURCHASE_ID) values ('Bar',666.00, 1);
INSERT into PURCHASE (ID, MERCHANT_NAME, MERCHANT_CITY, PURCHASE_DATE, CUSTOMER_ID, CERTIFICATE_ID) values (3, 'Dr. Müller', 'Konstanz', '2016-05-01T11:32:58.447Z',2,NULL);
INSERT into PURCHASE (ID, MERCHANT_NAME, MERCHANT_CITY, PURCHASE_DATE, CUSTOMER_ID, CERTIFICATE_ID) values (4, 'Saturn', 'Konstanz', '2016-05-01T11:32:58.447Z',2,NULL);
